City_ID,City,Country,Max Temp,Current Description,Lat,Lng,Hotel Name
1,Vaini,TO,71.76,few clouds,-21.2,-175.2,Keleti Beach Resort
2,Hermanus,ZA,66.79,broken clouds,-34.4187,19.2345,Misty Waves Boutique Hotel
3,Torbay,CA,43.57,overcast clouds,47.6666,-52.7314,Gallows Cove
4,Port Elizabeth,ZA,68.09,clear sky,-33.918,25.5701,39 On Nile Guest House
5,Sur,OM,95.27,scattered clouds,22.5667,59.5289,Sur Plaza Hotel
6,Vila Franca Do Campo,PT,70.2,overcast clouds,37.7167,-25.4333,Pestana Bahia Praia
7,Castro,BR,47.53,scattered clouds,-24.7911,-50.0119,CHACARA BAILLY
9,Munchberg,DE,69.67,broken clouds,50.2,11.7833,Seehotel Hintere Höhe
10,Palembang,ID,87.89,scattered clouds,-2.9167,104.7458,ASTON Palembang Hotel & Conference Center
12,Mataura,NZ,38.48,broken clouds,-46.1927,168.8643,Ellie's Villa
13,Atuona,PF,78.33,scattered clouds,-9.8,-139.0333,Villa Enata
14,Willemstad,CW,80.51,few clouds,12.1084,-68.9335,Avila Beach Hotel
15,Winnemucca,US,60.85,clear sky,40.973,-117.7357,Winners Inn Casino
16,Cocobeach,GA,79.45,broken clouds,1.0002,9.5823,Hotel Esperance
17,Shenjiamen,CN,71.02,overcast clouds,29.9576,122.29799999999999,Jinjiang Inn Zhoushan Putuo Shenjiamen
18,Port Alfred,ZA,68.18,scattered clouds,-33.5906,26.891,The Halyards Hotel
21,La Paz,BO,33.78,fog,-16.5,-68.15,Hotel Presidente
23,Datong,CN,81.32,few clouds,40.0936,113.2914,Holiday Inn Datong City Centre
24,Qaanaaq,GL,24.35,overcast clouds,77.484,-69.3632,Qaanaaq Hotel
25,Kavieng,PG,81.55,scattered clouds,-2.5744,150.7967,Nusa Island Retreat
26,Great Bend,US,61.03,moderate rain,38.3645,-98.7648,Best Western Angus Inn
27,Ushuaia,AR,35.26,light intensity drizzle,-54.8,-68.3,Albatross Hotel
28,Arraial Do Cabo,BR,69.66,broken clouds,-22.9661,-42.0278,Pousada Porto Praia
30,Allende,MX,71.55,clear sky,25.2833,-100.0167,Ecovergel Hotel Boutique
31,Punta Arenas,CL,33.91,few clouds,-53.15,-70.9167,Hotel Hain
32,Kodiak,US,56.71,clear sky,57.79,-152.4072,Best Western Kodiak Inn And Convention Center
34,Apac,UG,82.74,overcast clouds,1.9756,32.5386,Double Duez Apac
35,Zhigansk,RU,59.4,moderate rain,66.7697,123.3711,Gostinichnyy Kompleks Aylgy
36,Pevek,RU,29.93,light snow,69.7008,170.3133,Severnoye Zoloto
37,Bartica,GY,75.52,overcast clouds,6.4,-58.6167,Sloth Island Nature Resort
38,Anadyr,RU,36.1,clear sky,64.75,177.4833,Отке17.ру — жильё для командированных
39,Cape Town,ZA,67.1,clear sky,-33.9258,18.4232,"Radisson Blu Hotel Waterfront, Cape Town"
40,Pitimbu,BR,75.79,broken clouds,-7.4706,-34.8086,Reserva do Abiaí
41,Kapaa,US,73.38,light rain,22.0752,-159.319,Sheraton Kauai Coconut Beach Resort
42,Ponta Do Sol,PT,73.71,clear sky,32.6667,-17.1,Hotel do Campo
43,Yellowknife,CA,52.32,few clouds,62.456,-114.3525,The Explorer Hotel
44,Bluff,NZ,38.8,broken clouds,-46.6,168.3333,Bluff Homestead - Guesthouse & Campervan Park
45,Barrow,US,28.42,overcast clouds,71.2906,-156.7887,King Eider Inn
46,Lashio,MM,78.91,overcast clouds,22.9333,97.75,Hotel CF Lashio - Burmese Only
47,Yima,CN,71.71,moderate rain,34.7381,111.8839,Yima Hotel
49,Bengkulu,ID,82.11,broken clouds,-3.8004,102.2655,Grage Hotel Bengkulu
50,Marawi,PH,70.02,overcast clouds,7.9986,124.2928,Derogongan Residence
51,Barao De Melgaco,BR,63.36,scattered clouds,-16.1944,-55.9675,Tuiuiu Pantanal Hotel
52,Bredasdorp,ZA,66.0,scattered clouds,-34.5322,20.0403,Bredasdorp Country Manor
53,Khatanga,RU,32.14,overcast clouds,71.9667,102.5,"""Khatanga"""
54,Springdale,US,56.05,clear sky,36.1867,-94.1288,Springdale Inn
55,Souillac,MU,79.18,scattered clouds,-20.5167,57.5167,Shanti Maurice Resort & Spa
56,Cockburn Town,TC,80.56,scattered clouds,21.4612,-71.1419,Osprey Beach Hotel
57,Mar Del Plata,AR,44.94,clear sky,-38.0023,-57.5575,Gran Hotel Mar del Plata
58,Rikitea,PF,76.48,clear sky,-23.1203,-134.9692,People ThankYou
59,Hithadhoo,MV,84.11,overcast clouds,-0.6,73.0833,Scoop Guest House
60,Solnechnyy,RU,54.61,broken clouds,50.7214,136.6319,Hotel complex Pastoral
61,Bulungu,CD,89.62,few clouds,-4.55,18.6,Maison MC Michel
62,Jamestown,US,51.39,clear sky,42.097,-79.2353,Hampton Inn & Suites Jamestown
63,Garwolin,PL,67.71,overcast clouds,51.8975,21.6147,Hotel & Restauracja Sulbin
64,Dingle,PH,82.58,broken clouds,10.9995,122.6711,SEGAYA PROPERTY
65,Yazoo City,US,66.7,scattered clouds,32.8551,-90.4056,Hampton Inn Yazoo City
67,Sitka,US,57.09,broken clouds,57.0531,-135.33,Westmark Sitka
69,Tuktoyaktuk,CA,30.2,overcast clouds,69.4541,-133.0374,End of The Road Ltd.
70,Wahiawa,US,71.92,broken clouds,21.5028,-158.0236,The Inn At Schofield
71,Guane,CU,75.07,scattered clouds,22.2025,-84.0875,base de Campismo LosPortales de Guane
73,Talnakh,RU,31.21,light snow,69.4865,88.3972,Talnakh Hotel
74,Narsaq,GL,57.42,clear sky,60.9167,-46.05,Sleep In Narsaq
75,Khuzdar,PK,96.3,clear sky,27.7384,66.6434,jhalwan Rent A Car Compny Moola Chotok
77,Vao,NC,71.83,scattered clouds,-22.6667,167.4833,Hotel Kou-Bugny
78,Maniitsoq,GL,44.73,scattered clouds,65.4167,-52.9,Hotel Heilmann Lyberth
79,Aloleng,PH,84.58,broken clouds,16.1307,119.7824,Steve Walden and Emma Sison-Walden Residence
81,Iskateley,RU,58.24,clear sky,67.6803,53.1512,Hostel Agat
82,Te Anau,NZ,39.07,light rain,-45.4167,167.7167,Kingsgate Hotel Te Anau
84,Kuytun,RU,68.43,few clouds,54.3419,101.5036,Gostinitsa Tsentral'naya
85,Mpika,ZM,65.53,few clouds,-11.8343,31.4529,Melodies Lodge
86,Saint Anthony,US,58.48,clear sky,45.0205,-93.21799999999999,Holiday Inn Express Roseville-St. Paul
87,Annau,TM,92.7,few clouds,37.8876,58.516000000000005,"Гостиница ""Уссат инженер"""
88,Boden,SE,62.6,scattered clouds,65.8252,21.6886,Quality Hotel Bodensia
90,Severo-Kurilsk,RU,41.81,broken clouds,50.6789,156.125,Kak Doma
91,Codrington,AU,51.04,light rain,-38.2667,141.9667,Codrington Gardens Bed And Breakfast
92,Estelle,US,78.78,clear sky,29.8458,-90.1067,Boomtown Casino & Hotel New Orleans
93,Shache,CN,88.25,overcast clouds,38.4167,77.2406,Delong Hotel
94,Namatanai,PG,80.35,overcast clouds,-3.6667,152.4333,Seagulls Inn Namatani
96,Cayenne,GF,77.09,few clouds,4.9333,-52.3333,Hôtel Le Dronmi
97,Shangzhi,CN,59.27,light rain,45.2167,127.9667,Ocean Zhixing Business Clubhouse
98,Hilo,US,79.29,moderate rain,19.7297,-155.09,Hilo Hawaiian Hotel
99,Carnarvon,AU,71.29,few clouds,-24.8667,113.6333,Hospitality Carnarvon
100,Cap Malheureux,MU,79.47,few clouds,-19.9842,57.6142,Pereybere Hotel & Spa
101,Lebu,CL,52.29,moderate rain,-37.6167,-73.65,Hostal Las Lilas
102,Victoria,HK,89.19,overcast clouds,22.2855,114.1577,Mini Central
103,Maryborough,AU,64.11,broken clouds,-25.5333,152.7,Blue Shades Motel
104,Carutapera,BR,74.88,overcast clouds,-1.195,-46.02,Lidera
105,Puerto Ayora,EC,70.74,overcast clouds,-0.7393,-90.3518,Finch Bay Galapagos Hotel
106,Taree,AU,46.06,clear sky,-31.9,152.4667,All Seasons Country Lodge Taree
107,Noyabrsk,RU,32.34,light snow,63.1994,75.4507,Hotel Uyutnaya
108,Asau,RO,78.28,overcast clouds,46.4333,26.4,Casa Mika Ciobanus
109,Sechura,PE,65.93,overcast clouds,-5.5569,-80.8222,Hospedaje Costa Bella
110,Busselton,AU,55.17,scattered clouds,-33.65,115.3333,Observatory Guest House
112,Fortuna,US,55.74,light rain,40.5982,-124.1573,Super 8 by Wyndham Fortuna
114,Bambous Virieux,MU,79.21,scattered clouds,-20.3428,57.7575,Casa Tia Villa
115,Upata,VE,71.19,broken clouds,8.0086,-62.3989,Posada Villa Nela
117,Guerrero Negro,MX,59.63,clear sky,27.9769,-114.0611,"Casa Laguna, Bed & Breakfast"
118,Mananara,MG,72.0,light rain,-16.1667,49.7667,Chez Roger
119,Arona,ES,67.12,few clouds,28.0996,-16.680999999999997,Paradise Court
120,Flin Flon,CA,36.41,broken clouds,54.7682,-101.865,Victoria Inn Flin Flon
122,Sandwick,GB,49.82,broken clouds,60.0,-1.25,Beach House Self-Catering Accomodation
123,Bethel,US,58.5,clear sky,41.3712,-73.414,Courtyard by Marriott Danbury
124,Griffith,US,61.9,clear sky,41.5284,-87.4237,Apartment above Depot Bar
125,Vitim,RU,68.81,broken clouds,59.4511,112.5578,Gostinitsa V Apteke
126,Hermiston,US,55.81,overcast clouds,45.8404,-119.2895,Oxford Suites Hermiston
127,Kirakira,SB,81.05,overcast clouds,-10.4544,161.9205,SanBiz Lodge
128,Gladstone,AU,66.13,few clouds,-23.85,151.25,Highpoint International Hotel
129,Esperance,AU,55.24,overcast clouds,-33.8667,121.9,Hospitality Esperance
130,Ancud,CL,48.02,broken clouds,-41.8697,-73.8203,Hotel Arena Gruesa
131,Barahona,DO,76.1,broken clouds,18.2085,-71.1008,Hotel Caribe
132,Norman Wells,CA,39.24,broken clouds,65.282,-126.8329,Heritage Hotel
133,Ucluelet,CA,54.09,overcast clouds,48.9329,-125.5528,Black Rock Oceanfront Resort
134,Nanortalik,GL,43.11,broken clouds,60.1432,-45.2371,Hotel Kap Farvel
135,Cherskiy,RU,34.21,broken clouds,68.75,161.3,Gostinitsa
136,Faya,SA,81.12,scattered clouds,18.3851,42.4509,املاك خالد الشعشوع
137,Santa Clara,CU,77.04,overcast clouds,22.4,-79.9667,El Carmen
138,Mahebourg,MU,79.25,scattered clouds,-20.4081,57.7,Shandrani Beachcomber Resort & Spa
139,Sao Filipe,CV,76.23,few clouds,14.8961,-24.4956,Hotel Xaguate
140,Port Hardy,CA,51.8,light intensity shower rain,50.6996,-127.4199,Airport Inn-Port Hardy
141,San Quintin,MX,59.45,few clouds,30.4833,-115.95,Don Eddie's Sport Fishing Center
142,Longyearbyen,SJ,40.84,light rain,78.2186,15.6401,"Radisson Blu Polar Hotel, Spitsbergen"
143,Caravelas,BR,72.77,broken clouds,-17.7125,-39.2481,Pousada dos Navegantes
144,Elizabeth City,US,71.62,overcast clouds,36.2946,-76.2511,Hampton Inn Elizabeth City
145,Thompson,CA,35.76,overcast clouds,55.7435,-97.8558,Burntwood Hotel
147,Maldonado,UY,43.23,overcast clouds,-34.6667,-54.9167,La Cimarrona
148,Price,US,57.11,clear sky,39.5994,-110.8107,National 9 - Price River Inn
149,Saldanha,ZA,66.25,scattered clouds,-33.0117,17.9442,Blue Bay Lodge
150,Tomatlan,MX,69.04,scattered clouds,19.9333,-105.25,El Salvial
151,New Norfolk,AU,45.72,broken clouds,-42.7826,147.0587,The Shingles Riverside Cottages
152,Ulladulla,AU,51.76,scattered clouds,-35.35,150.4667,Sandpiper Motel
153,Butaritari,KI,81.18,few clouds,3.0707,172.7902,Isles Sunset Lodge
154,Hualmay,PE,62.62,overcast clouds,-11.0964,-77.6139,Hotel Villa Kitzia Huacho
155,Upernavik,GL,26.89,few clouds,72.7868,-56.1549,Café de Upernavik
156,Huarmey,PE,63.54,overcast clouds,-10.0681,-78.1522,Hotel Miramar
158,Chokwe,MZ,79.02,clear sky,-24.5333,32.9833,Complexo Sonho Real
159,Kovdor,RU,60.01,overcast clouds,67.5662,30.4758,Derevo Zhelaniy
160,Saint-Philippe,RE,78.39,few clouds,-21.3585,55.7679,"Chambres d'hôte ""La Trinité"""
161,San Andres,CO,80.62,few clouds,12.5847,-81.7006,Hotel Arena Blanca
162,Qaqortoq,GL,48.2,clear sky,60.7167,-46.0333,Siniffik Inn
164,Riberalta,BO,66.4,broken clouds,-10.9833,-66.1,Hotel Colonial
165,Muana,BR,74.3,overcast clouds,-1.5283,-49.2167,Pousada Bella do Marajó
166,Bathsheba,BB,81.21,scattered clouds,13.2167,-59.5167,Atlantis Hotel
167,Chuncheng,CN,84.11,overcast clouds,22.1731,111.7886,7Days Inn Yangjiang Yangchun Bus Terminal
170,Tasiilaq,GL,33.96,broken clouds,65.6145,-37.6368,The Red House
171,Shingu,JP,67.24,broken clouds,33.7333,135.9833,Shingu UI Hotel
172,Avarua,CK,77.05,scattered clouds,-21.2078,-159.775,Paradise Inn
174,Comodoro Rivadavia,AR,46.26,clear sky,-45.8667,-67.5,Austral Hotel
176,Dingtao,CN,89.91,light rain,35.0683,115.5625,VX Heze Dingtao District Taoyi Road Hotel
177,Wencheng,CN,84.61,overcast clouds,33.0559,113.7978,Ruyi Hostel
178,Savannah Bight,HN,81.66,overcast clouds,16.45,-85.85,Villa on Dunbar Rock
179,Mikhaylovka,RU,81.79,broken clouds,50.06,43.2379,5 Komnat
180,Klaksvik,FO,50.92,overcast clouds,62.2266,-6.5889999999999995,Airbnb rooms
181,Kudahuvadhoo,MV,83.62,broken clouds,2.6708,72.8944,Niyama Private Islands Maldives
182,Kutum,SD,91.02,overcast clouds,14.2,24.6667,Dibbo areaمنطقة دبو
183,Neiafu,TO,79.84,clear sky,-18.65,-173.9833,Mystic Sands Beachfront Accommodation
184,Mabaruma,GY,72.63,overcast clouds,8.2,-59.7833,Monty Brooms Guest House
185,Kajaani,FI,53.65,overcast clouds,64.2273,27.7285,Original Sokos Hotel Valjus
186,Clyde River,CA,30.43,overcast clouds,70.4692,-68.5914,Qamaq Hotel
187,Sisimiut,GL,47.91,scattered clouds,66.9395,-53.6735,Hotel Sisimiut
188,Nikolskoye,RU,61.88,overcast clouds,59.7035,30.7861,Tourist House - Sablino
190,Rio Grande,BR,55.11,clear sky,-32.035,-52.0986,Hotel Atlântico Rio Grande
191,Brainerd,US,51.26,overcast clouds,46.358000000000004,-94.2008,"Holiday Inn Express & Suites Brainerd-Baxter, an IHG Hotel"
192,Ahipara,NZ,54.54,overcast clouds,-35.1667,173.1667,Ahipara Holiday Park
193,Georgetown,MY,86.95,few clouds,5.4112,100.3354,Cititel Penang
194,Emborion,GR,84.29,scattered clouds,40.4833,21.55,Villa Kastanodasos
195,Isangel,VU,73.31,overcast clouds,-19.55,169.2667,Tanna Lodge
196,Arkhangelskaya,RU,86.38,overcast clouds,45.6796,40.2754,"Baza Otdykha ""Dacha"""
197,Deputatskiy,RU,55.22,overcast clouds,69.3,139.9,Baza Otdykha
198,Nova Olimpia,BR,62.94,scattered clouds,-14.7972,-57.2881,Motel glamour
199,Leningradskiy,RU,31.48,overcast clouds,69.3833,178.4167,Gostinitsa
200,Auki,SB,78.69,overcast clouds,-8.7676,160.7034,Auki Motel
201,Fort-Shevchenko,KZ,81.54,broken clouds,44.5086,50.263000000000005,Oasis hotel Bautino
202,Manta,EC,73.18,overcast clouds,-0.95,-80.7333,Balandra Hotel
204,Kruisfontein,ZA,65.88,broken clouds,-34.0033,24.7314,Oyster Bay House Rental
205,Saint-Pierre,RE,78.48,clear sky,-21.3393,55.4781,Alize Plage
206,Pangnirtung,CA,39.65,clear sky,66.1451,-65.7125,Kilabuk Lodge
207,Dunedin,NZ,48.79,broken clouds,-45.8742,170.5036,Scenic Hotel Southern Cross
208,Ludvika,SE,64.6,broken clouds,60.1496,15.1878,Ludvika Stadshotell
209,Olinda,BR,74.93,broken clouds,-8.0089,-34.8553,Flat Quatro Rodas Olinda
210,Kurush,RU,62.89,light rain,41.2841,47.8345,Country House Yarydag
211,Langham,CA,46.02,clear sky,52.3668,-106.9679,Shady Rest Motel
212,Lompoc,US,58.78,mist,34.6391,-120.4579,"Holiday Inn Express Lompoc, an IHG Hotel"
213,Jardim,BR,60.35,scattered clouds,-21.4803,-56.1381,Estancia Hotel - Jardim MS
214,Portland,US,56.73,overcast clouds,45.5234,-122.6762,Embassy Suites by Hilton Portland Downtown
217,Koroni,GR,96.51,clear sky,36.8,21.95,Apartments Xenios Zeus 1
218,Mildura,AU,51.08,scattered clouds,-34.2,142.15,Mercure Hotel Mildura
219,San Patricio,US,78.89,clear sky,28.017,-97.5169,"Motel 6 Sinton, TX"
220,Genhe,CN,57.43,overcast clouds,50.7833,121.5167,Companionship Hotel
221,Saint George,US,72.95,clear sky,37.1041,-113.5841,Best Western Plus Abbey Inn
223,Sakata,JP,57.38,broken clouds,38.9167,139.855,Hotel Rich & Garden Sakata
225,Nome,US,48.27,clear sky,64.5011,-165.4064,Dredge 7 Inn
226,Mount Gambier,AU,49.71,light rain,-37.8333,140.7667,The Commodore
227,Puri,IN,91.92,overcast clouds,19.8,85.85,OYO 1577 Hotel Shree Hari Grand
228,Coihaique,CL,38.01,clear sky,-45.5752,-72.0662,Diego De Almagro Coyhaique
229,Necochea,AR,38.61,scattered clouds,-38.5473,-58.7368,dyd -mar Hotel
230,Geraldton,AU,59.41,broken clouds,-28.7667,114.6,Broadwater Mariner Resort
231,Toppenish,US,56.01,overcast clouds,46.3774,-120.3087,Legends Casino Hotel
232,Itaituba,BR,70.57,overcast clouds,-4.2761,-55.9836,Hotel Campos
233,Zapolyarnyy,RU,51.08,light rain,69.4154,30.8136,Pechenga
234,Pafos,CY,81.23,few clouds,34.7667,32.4167,Elysium Hotel
235,Nuuk,GL,50.61,few clouds,64.1835,-51.7216,Vandrehuset
236,Kousseri,CM,90.54,overcast clouds,12.0769,15.0306,Le Pilotis
237,Makokou,GA,81.45,light rain,0.5738,12.8642,Hôtel
238,Rafaela,AR,37.99,scattered clouds,-31.2503,-61.4867,Parra Hotel & Suites
239,Kolpashevo,RU,48.6,overcast clouds,58.3131,82.9089,Gostinitsa Legenda
240,Grand Gaube,MU,79.38,few clouds,-20.0064,57.6608,Veranda Paul et Virginie Hotel & Spa
242,Warren,US,56.95,clear sky,39.4334,-84.1666,The Golden Lamb Restaurant & Hotel
243,Kismayo,SO,82.15,light rain,-0.3582,42.5454,Agan-Hotel
244,Pisco,PE,61.02,mist,-13.7,-76.2167,Hotel San Isidro Oficial
245,Mayumba,GA,78.17,few clouds,-3.432,10.6554,LIKWALE LODGE
247,Buriti Dos Lopes,BR,72.79,overcast clouds,-3.175,-41.8669,Pousada Alves
248,Thohoyandou,ZA,72.93,clear sky,-22.9456,30.485,Masili Guesthouse & Conference
249,Bowen,AU,73.92,broken clouds,-20.0167,148.2333,Castle Motor Lodge Motel
250,Hofn,IS,53.62,clear sky,64.2539,-15.2082,Hótel Höfn
251,Maceio,BR,72.84,mist,-9.6658,-35.7353,Hotel Ponta Verde Maceió
252,Tacuarembo,UY,38.93,clear sky,-31.7333,-55.9833,Complejo San Fructuoso
253,Kaitangata,NZ,43.14,broken clouds,-46.2817,169.8464,Kaitangata Motor Camp
254,Kasama,ZM,71.62,few clouds,-10.2129,31.1808,Kalebalika Cottages
255,Albert,FR,70.79,clear sky,50.0009,2.6510000000000002,Hotel de la Basilique
256,Daru,PG,79.3,overcast clouds,-9.0763,143.2092,Daru Lodge
257,Pauini,BR,70.43,light rain,-7.7136,-66.9764,Casa do Kiwliks
258,Kloulklubed,PW,75.7,clear sky,7.0419,134.2556,Storyboard Beach Resort
260,Marfino,RU,66.45,clear sky,55.7028,37.3822,Nemchinovka-Park
261,Puerto Del Rosario,ES,73.15,few clouds,28.5004,-13.8627,Hotel JM Puerto del Rosario
262,Pacific Grove,US,57.81,clear sky,36.6177,-121.9166,Lovers Point Inn
263,Ambilobe,MG,88.83,few clouds,-13.2,49.05,Hôtel & Restaurant DIANA Ambilobe
264,Cidreira,BR,59.5,scattered clouds,-30.1811,-50.2056,Hotel Castelo
267,Itarema,BR,75.88,overcast clouds,-2.9248,-39.9167,"Sea Lounge! Bar, Club & Restaurant"
268,Lasa,IT,73.69,clear sky,46.6166,10.7002,Pension Feldgärtenhof
269,Aras,ES,72.01,clear sky,42.5617,-2.356,Jardines de Viana Spa
270,Imbituba,BR,53.85,overcast clouds,-28.24,-48.6703,Praia Hotel Imbituba
271,Athabasca,CA,45.01,few clouds,54.7169,-113.2854,Athabasca Lodge Motel
272,Odweyne,SO,88.39,scattered clouds,9.4092,45.06399999999999,Eng Hiirey House
273,Hobart,AU,46.06,broken clouds,-42.8794,147.3294,St Ives Hobart Accommodation Tasmania
274,Kahului,US,75.85,clear sky,20.8947,-156.47,Maui Seaside Hotel
275,Hirara,JP,77.27,moderate rain,24.8,125.2833,Hotel Atoll Emerald Miyakojima
276,Serik,TR,80.85,clear sky,36.9169,31.0989,Armas Belek - Ultra All Inclusive
277,Maroua,CM,84.42,clear sky,10.591,14.3159,Maroua Palace
278,Sao Joaquim,BR,34.63,clear sky,-28.2939,-49.9317,Pousada Alternativa Cravo e Canela
279,Lurgan,GB,56.01,few clouds,54.4608,-6.3294,Ashburn Hotel
280,Prieska,ZA,68.65,clear sky,-29.6641,22.7474,Avenue GuestHouse
281,Iqaluit,CA,42.53,scattered clouds,63.7506,-68.5145,Frobisher Inn
282,Valdivia,CL,44.69,overcast clouds,-39.8142,-73.2459,Hostal Entre Rios
283,Chumikan,RU,39.67,scattered clouds,54.7183,135.315,Fortuna
284,Rindal,NO,52.84,overcast clouds,63.0565,9.2124,Saga Trollheimen Hotel
285,Atbasar,KZ,62.87,broken clouds,51.8,68.3333,Гостиничный Комплекс Saad
286,Dingzhou,CN,91.51,clear sky,38.5131,114.9956,宜家时尚宾馆
288,Trairi,BR,74.52,broken clouds,-3.2778,-39.2689,janelas do mar
289,Miles City,US,54.57,broken clouds,46.4083,-105.8406,FairBridge Inn & Suites Miles City
290,Ilulissat,GL,37.42,few clouds,69.2167,-51.1,Hotel Arctic
291,Sola,VU,82.04,few clouds,-13.8833,167.55,Leumerus Bungalows
292,Goderich,CA,45.91,clear sky,43.7501,-81.7165,Harmony Inn
293,Nizhniy Kuranakh,RU,68.05,scattered clouds,58.8353,125.4869,Park Pobedy
294,Along,IN,75.87,overcast clouds,28.1667,94.7667,Hotel West
295,Riverton,US,66.52,clear sky,40.5219,-111.9391,Ramada by Wyndham Draper
296,De-Kastri,RU,47.93,clear sky,51.4667,140.7833,Somon Hotel
297,Kasempa,ZM,71.8,clear sky,-13.4584,25.8338,Lolelunga Forest Reserve
298,Galesong,ID,73.42,moderate rain,-5.3166,119.3661,Sapriadi Appy
299,Acarau,BR,76.35,overcast clouds,-2.8856,-40.12,castelo pizzaria
300,Cabo San Lucas,MX,73.62,clear sky,22.8909,-109.9124,Vista Roof Restaurant
301,Dolinsk,RU,41.07,light rain,47.35,142.8,"Gostinitsa ""Yubileynaya"""
302,Laguna,US,65.01,overcast clouds,38.421,-121.4238,"Holiday Inn Express & Suites Elk Grove Central - Hwy 99, an IHG Hotel"
303,Fuyu,CN,59.97,moderate rain,45.1833,124.8167,Education Hostel
304,Katsuura,JP,64.71,clear sky,35.1333,140.3,Katsuura Hotel Mikazuki
305,Ribeira Grande,PT,66.6,broken clouds,38.5167,-28.7,Quinta da Meia Eira
306,Chuy,UY,48.43,broken clouds,-33.6971,-53.4616,Nuevo Hotel Plaza
307,Vitre,FR,78.01,clear sky,48.1178,-1.2058,ibis Vitré Centre
308,Gornopravdinsk,RU,45.16,overcast clouds,60.05,69.9,Hostel
309,Boa Vista,BR,75.18,broken clouds,2.8197,-60.6733,Aipana Plaza Hotel
310,San Angelo,US,66.6,clear sky,31.4638,-100.43700000000001,"Motel 6 San Angelo, TX"
312,Kununurra,AU,82.38,broken clouds,-15.7667,128.7333,Hotel Kununurra
314,Kota Belud,MY,81.37,overcast clouds,6.351,116.4305,Tang Dynasty Lodge Kota Belud
315,Bentong,MY,85.82,overcast clouds,3.5181,101.9079,Tras Mutiara Hotel Bentong
316,Rtishchevo,RU,69.44,overcast clouds,52.2604,43.7874,Inn on 50 Let Oktyabrya 19
317,Cherbourg,FR,62.31,overcast clouds,49.6386,-1.6147,Hôtel Le Louvre Cherbourg
318,Husavik,IS,42.04,broken clouds,66.0449,-17.3389,Bjarnabúð
319,Acapulco,MX,75.02,few clouds,16.8634,-99.8901,HS Hotsson Smart Acapulco
321,Port Lincoln,AU,56.77,clear sky,-34.7333,135.8667,Port Lincoln Hotel
322,Alice Springs,AU,56.75,clear sky,-23.7,133.8833,Desert Palms Alice Springs
323,Jiwani,PK,87.71,clear sky,25.05,61.7417,Hamza hotel jiwani
324,Bandundu,CD,88.47,broken clouds,-3.3167,17.3667,Coja Color
325,Boca Do Acre,BR,70.93,overcast clouds,-8.7522,-67.3978,Hotel Sao Pedro
326,Kulhudhuffushi,MV,82.51,broken clouds,6.6221,73.07,Haajy Guest House 1
327,Bud,US,60.15,clear sky,39.446999999999996,-86.1758,Ted McQuinn Trust
328,Padang,ID,86.05,overcast clouds,-0.9492,100.3543,Mercure Padang
330,Kahama,TZ,79.93,broken clouds,-3.8333,32.6,Kahama Gold Hotel
332,San Cristobal,VE,66.38,overcast clouds,7.7669,-72.225,Pirineos
333,Panacan,PH,82.76,scattered clouds,9.2463,118.4082,Mom's Place Resort
334,Poso,ID,78.78,moderate rain,-1.3959,120.7524,Hotel 77 Poso
335,Sterlibashevo,RU,68.11,overcast clouds,53.4376,55.2578,"Okhotnich'ye Khozyaystvo ""Bober"""
336,Amasya,TR,83.88,clear sky,40.6667,35.8333,Lalehan Hotel
337,Murud,IN,88.56,scattered clouds,18.3258,72.965,On Point Plaza
338,Juneau,US,58.21,few clouds,58.3019,-134.4197,"Baranof Downtown, BW Signature Collection"
339,Nola,IT,96.15,scattered clouds,40.922,14.5329,Palazzo Giordano Bruno
340,Poronaysk,RU,43.38,broken clouds,49.2167,143.1167,Avtovokzal Khostel Stolovaya
341,Namibe,AO,93.83,clear sky,-15.1961,12.1522,Hotel Chik Chik Namibe
342,Kenai,US,53.65,scattered clouds,60.5544,-151.2583,Aspen Extended Stay Suites
343,Morgan City,US,72.0,clear sky,29.6994,-91.2068,Hampton Inn & Suites Morgan City
345,Mandalgovi,MN,61.34,clear sky,45.7625,106.2708,В.Ганбат
348,Vallenar,CL,53.22,overcast clouds,-28.5708,-70.7581,Humacao Bed & Breakfast
350,Inuvik,CA,31.06,light shower snow,68.3499,-133.7218,Nova Inn Inuvik
351,Great Falls,US,52.68,scattered clouds,47.5002,-111.3008,La Quinta Inn & Suites by Wyndham Great Falls
355,Kavaratti,IN,83.8,broken clouds,10.5669,72.642,Hotels in Lakshadweep Islands
356,Vila,PT,57.7,few clouds,42.0304,-8.1588,Hotel Castrum Villae by Walk Hotels
357,Port Blair,IN,78.84,overcast clouds,11.6667,92.75,"Welcomhotel By ITC Hotels, Bay Island, Port Blair"
358,Capelinha,BR,61.81,overcast clouds,-17.6914,-42.5158,Marinho Plaza Hotel
359,Dzaoudzi,YT,85.89,few clouds,-12.7887,45.2699,Le Rocher
360,Camocim,BR,75.25,overcast clouds,-2.9022,-40.8411,Ilha Praia Hotel
361,Singaraja,ID,81.46,overcast clouds,-8.112,115.0882,Puri Bagus Lovina Resort
362,Suifenhe,CN,47.75,overcast clouds,44.4,131.1667,Holiday Inn Suifenhe
363,Terney,RU,45.18,overcast clouds,45.0503,136.6092,"Hotel ""Ternay"""
364,Lujan,AR,47.95,overcast clouds,-34.5703,-59.105,Hotel Biarritz
365,Fohnsdorf,AT,80.69,few clouds,47.2183,14.6819,Schloss Gabelhofen
366,Galle,LK,82.49,broken clouds,6.0367,80.217,Amangalla
367,Turukhansk,RU,55.35,overcast clouds,65.8167,87.9833,"ООО ""Туруханская пушнина"""
368,Arcata,US,58.19,light rain,40.8665,-124.0828,"Hampton Inn & Suites Arcata, CA"
369,Jinchang,CN,76.55,overcast clouds,38.4953,102.1739,Mingshihui Jinchang International Hotel
370,Barcelos,PT,66.92,few clouds,41.5388,-8.6151,Hotel Restaurante Bagoeira
371,Chiredzi,ZW,74.73,scattered clouds,-21.05,31.6667,Clevers Hotel Chiredzi
372,Sorland,NO,48.06,overcast clouds,67.667,12.6934,Sjybrygga fiskecamp
373,Provins,FR,78.37,scattered clouds,48.5833,3.1667,Gîte de Corberon
374,Freeport,US,65.25,clear sky,40.6576,-73.5832,The Freeport Inn and Marina
375,Bay Roberts,CA,44.33,broken clouds,47.5999,-53.2648,Stonewall Inn
376,Port-Gentil,GA,80.56,scattered clouds,-0.7193,8.7815,Fengshui Residence
377,Alofi,NU,73.29,few clouds,-19.0595,-169.9187,Taloa Heights
378,Ayia Anna,CY,87.46,clear sky,34.9399,33.4843,Anna Village Cyprus Bed and Breakfast
379,Mariveles,PH,80.56,broken clouds,14.4833,120.4833,The Oriental Bataan
380,Hennenman,ZA,60.82,clear sky,-27.9765,27.0242,Oase Guesthouse
381,Zile,TR,80.33,clear sky,40.3031,35.8864,Zile Öğretmen evi
382,Howard Springs,AU,84.11,overcast clouds,-12.497,131.047,buffalo beach hostel
383,Ratnagiri,IN,87.26,scattered clouds,16.9833,73.3,Hotel Landmark
385,Port Macquarie,AU,53.89,clear sky,-31.4333,152.9167,Rydges Port Macquarie
387,General Roca,AR,42.62,light rain,-39.0333,-67.5833,Hotel El Recreo
388,Zhanaozen,KZ,89.2,clear sky,43.3,52.8,K.korabay 28A
389,Chapais,CA,49.78,overcast clouds,49.7834,-74.8492,Hôtel Opémiska
390,Faenza,IT,84.2,clear sky,44.2857,11.8833,Hotel Vittoria
391,Pangai,TO,78.62,clear sky,-19.8,-174.35,Ha'apai Beach Resort
392,Kapoeta,SS,88.5,clear sky,4.7717,33.5903,Eastgate Hotel
393,Mount Isa,AU,69.57,scattered clouds,-20.7333,139.5,ibis Styles Mt Isa Verona
394,Izumo,JP,66.15,broken clouds,35.3667,132.7667,Toyoko-Inn Izumoshi ekimae
395,Zonguldak,TR,68.85,overcast clouds,41.25,31.8333,Yazioren Koyu Muhtarligi
396,Aklavik,CA,31.46,overcast clouds,68.2191,-135.0107,Aklavik Inn
397,Dongsheng,CN,75.45,clear sky,39.8161,109.9776,Crowne Plaza Ordos
398,Manicore,BR,75.15,broken clouds,-5.8092,-61.3003,Hotel Durval
400,Karaton,ID,79.14,broken clouds,-6.3424,106.1045,Parkir Mobil Wisata CAS Water Park
401,Dvinskoy,RU,56.44,light rain,62.1535,45.1175,Gostinitsa Dvinskaya
402,Luocheng,CN,74.43,overcast clouds,29.3848,104.0286,Luocheng Hotel
403,Sokoni,TZ,84.06,few clouds,-6.4333,39.55,Ujamaa Beach Resort
404,Vardo,NO,44.58,mist,70.3705,31.1107,Vardø Hotel AS
405,Butembo,CD,74.88,few clouds,0.15,29.2833,Hotel Butembo
406,Umm Lajj,SA,88.92,broken clouds,25.0213,37.2685,Moon light Furnished Units
407,Sedniv,UA,70.61,clear sky,51.6447,31.565,Дача в Седневе
408,Ulaanbaatar,MN,55.53,scattered clouds,47.9077,106.8832,The Blue Sky Hotel and Tower
409,Sorong,ID,81.93,light rain,-0.8833,131.25,Waigo Splash Hotel
410,Labuhan,ID,83.01,broken clouds,-6.8844,112.2051,DoubleFAG
411,Kangaatsiaq,GL,35.76,scattered clouds,68.3065,-53.4641,Nukissiorfiit
413,Kindu,CD,86.74,broken clouds,-2.95,25.95,Résidence Okanda
414,La Palma,US,66.22,overcast clouds,33.8464,-118.0467,La Quinta Inn & Suites by Wyndham Buena Park
415,Veraval,IN,87.55,clear sky,20.9,70.3667,Lords Inn Somnath
416,Santa Teresa,VE,71.46,overcast clouds,10.2341,-66.6631,Funeraria Lira
417,Honiara,SB,79.48,overcast clouds,-9.4333,159.95,Heritage Park Hotel
418,Kiama,AU,57.38,clear sky,-34.6833,150.8667,The Sebel Kiama Harbourside
419,Lahaina,US,75.81,clear sky,20.8783,-156.6825,Lahaina Shores Beach Resort
420,Bubaque,GW,79.57,overcast clouds,11.2833,-15.8333,"Casa Dora, Bubaque"
422,Grahamstown,ZA,61.95,broken clouds,-33.3042,26.5328,Bartholomew's Loft
424,Nantucket,US,57.34,mist,41.2835,-70.0995,Jared Coffin House
426,Ranot,TH,83.46,overcast clouds,7.7777,100.3213,Pakbanglake resort ปากบางเลค รีสอร์ท
428,Cabedelo,BR,75.87,broken clouds,-6.9811,-34.8339,Pousada Camboinha
429,Wenling,CN,73.31,overcast clouds,28.3669,121.36,Hanting Express Wenling Wanchang North Road
430,Axim,GH,82.8,light rain,4.8699,-2.2405,Axim Beach Resort And Spa
431,Clonakilty,IE,57.09,overcast clouds,51.6231,-8.8706,Inchydoney Island Lodge & Spa
432,Cravo Norte,CO,70.9,few clouds,6.3017,-70.2041,Hotel Potosí Los Mirtos
433,Pochutla,MX,75.02,scattered clouds,15.7432,-96.4661,Hotel Posada San Jose
434,Karratha,AU,72.99,clear sky,-20.7377,116.8463,ibis Styles Karratha
435,Halifax,CA,49.21,broken clouds,44.6453,-63.5724,Hotel Halifax and Hotel Barrington
436,Angostura,MX,75.0,clear sky,25.3667,-108.1833,Rancho Jose Maria Ang.
437,Fairbanks,US,64.4,overcast clouds,64.8378,-147.7164,Westmark Fairbanks Hotel & Conference Center
439,Sinnamary,GF,77.52,overcast clouds,5.3833,-52.95,ALETHEIA Appartement Sinnamary
440,Constitucion,CL,54.93,moderate rain,-35.3333,-72.4167,Hotel Boutique Las Azucenas
441,Hamilton,US,57.78,mist,39.1834,-84.5333,Six Acres Bed & Breakfast
442,Houston,US,76.08,clear sky,29.7633,-95.3633,"Hotel ICON, Autograph Collection"
444,Belyy Yar,RU,59.86,light intensity shower rain,53.6039,91.3903,Pasportnyy Stol
445,Port Moresby,PG,76.42,haze,-9.4431,147.1797,Lamana Hotel (Port Moresby)
446,Warrnambool,AU,52.81,overcast clouds,-38.3833,142.4833,Lady Bay Resort
447,Coquimbo,CL,55.13,overcast clouds,-29.9533,-71.3436,Hotel San Juan
448,San Vicente,AR,49.8,few clouds,-26.6167,-54.1333,Complejo Turístico Farelluk
449,Uaua,BR,67.91,broken clouds,-9.8414,-39.4817,Hotel Uauá
451,Nenjiang,CN,67.23,broken clouds,49.1833,125.2167,Nenjiang Apartment
452,Andenes,NO,46.38,light intensity drizzle,69.3143,16.1194,Hotell Marena
454,Paita,PE,65.66,overcast clouds,-5.0892,-81.1144,Hotel Náutico de Paita
456,San Jose De Guanipa,VE,73.76,overcast clouds,8.8872,-64.1651,HOTEL 283 SUITES
457,The Valley,AI,81.1,broken clouds,18.217,-63.0578,CeBlue Villas & Beach Resort
458,Porto Novo,BJ,84.02,overcast clouds,6.4965,2.6036,Tour Eiffel Hotel Benin
459,Three Hills,CA,56.59,overcast clouds,51.7001,-113.2686,Super 8 by Wyndham Three Hills AB
460,Kropotkin,RU,86.25,overcast clouds,45.4375,40.5756,Hotel Europe Kropotkin
461,Baker City,US,50.65,overcast clouds,44.7749,-117.8344,Bridge Street Inn
462,Geneva,US,57.06,few clouds,41.8875,-88.3054,Best Western Inn Of St. Charles
463,Lorengau,PG,81.27,broken clouds,-2.0226,147.2712,Lorengau Harbourside Hotel
464,Galbshtadt,RU,59.09,scattered clouds,53.2264,78.9845,"Гостевой домик ""Deutscher Hof"""
465,Mahanoro,MG,73.13,light rain,-19.9,48.8,BUNGALOW MAHAMANINA
466,Lom Sak,TH,91.29,scattered clouds,16.7798,101.2422,บ้านวรฉัตร หล่มสัก
467,Pokhara,NP,92.07,broken clouds,28.2333,83.9833,OYO 170 Hotel View Point
468,Puerto Ayacucho,VE,71.92,light rain,5.6639,-67.6236,Posada Turistica Manapiare
469,Hokitika,NZ,49.1,broken clouds,-42.7167,170.9667,Beachfront Hotel Hokitika
470,Tuatapere,NZ,40.59,broken clouds,-46.1333,167.6833,Ron and Tony's Bed & Breakfast
471,Gat,IL,93.78,clear sky,31.61,34.7642,OlusHome
472,Yulara,AU,58.17,few clouds,-25.2406,130.9889,Desert Gardens Hotel - Ayers Rock Resort
473,Mattru,SL,74.19,overcast clouds,7.6244,-11.8332,"Mondkor Town, Bagbo Chiefdom, Bo District"
474,Ofunato,JP,52.86,few clouds,39.0717,141.7167,Ofunato Hot Spring
475,Quatre Cocos,MU,79.09,few clouds,-20.2078,57.7625,Sunrise Attitude Hotel
476,Mazagao,BR,72.59,scattered clouds,-0.115,-51.2894,Recanto dos Ferreiras
478,Lloydminster,CA,46.62,clear sky,53.2835,-110.0016,BCMInns - Lloydminster
480,Bamiantong,CN,56.88,overcast clouds,44.9333,130.5333,Dehuiyuan Leisure Resort
481,Treinta Y Tres,UY,42.01,scattered clouds,-33.2333,-54.3833,Jardines Apart-Hotel
482,Novyy Urengoy,RU,35.17,overcast clouds,66.0833,76.6333,Apartments Moy Dom na Gubkina
483,Zhuhai,CN,91.85,scattered clouds,22.2769,113.5678,珠海粤财假日酒店
484,Oktyabrskiy,RU,65.84,overcast clouds,54.4815,53.471000000000004,Гостиница Октябрьская
485,Olafsvik,IS,41.88,few clouds,64.8945,-23.7142,Hotel Olafsvik
486,Almunecar,ES,84.43,clear sky,36.7339,-3.6907,Almuñécar Playa Spa Hotel
487,Quelimane,MZ,78.75,broken clouds,-17.8786,36.8883,Hotel Flamingo
488,Coffeyville,US,62.91,clear sky,37.0373,-95.6164,Regal Inn
489,Los Llanos De Aridane,ES,68.13,few clouds,28.6585,-17.9182,Valle Aridane
490,Zapadnaya Dvina,RU,66.58,broken clouds,56.25899999999999,32.0745,"Cafe ""Rainbow"""
491,Nemuro,JP,44.67,overcast clouds,43.3236,145.575,Hotel Nemuro Kaiyoutei
492,Ixtacomitan,MX,68.88,clear sky,17.4167,-93.1,Las Cumbres
493,Kurumkan,RU,65.8,overcast clouds,54.3,110.3,Ilikchin
494,Puerto Escondido,MX,78.39,scattered clouds,15.85,-97.0667,Aldea del Bazar Hotel and Spa
496,Kemin,KG,61.72,broken clouds,42.7846,75.6892,Hotel Kok-Oirok
497,Vrangel,RU,48.7,overcast clouds,42.7297,133.0839,"Отель ""БАЛИ"""
498,Grindavik,IS,45.07,broken clouds,63.8424,-22.4338,Northern Light Inn & Max's Restaurant
499,Kati,ML,76.41,scattered clouds,12.7441,-8.0726,Lingot d’or
500,Santa Rosalia,MX,75.36,clear sky,27.3167,-112.2833,Hotel Las Casitas Santa Rosalia
501,Kiknur,RU,65.3,scattered clouds,57.3034,47.2011,Gostinitsa
502,Kontagora,NG,92.3,overcast clouds,10.3999,5.4695,Queens Guest Inn
503,Komsomolskiy,UZ,84.92,clear sky,40.4272,71.7189,Ikathouse
505,Young,UY,39.2,scattered clouds,-32.6833,-57.6333,Posada Gira el Sol
507,Yar-Sale,RU,46.15,scattered clouds,66.8333,70.8333,Yalemd
509,Kyabram,AU,51.87,broken clouds,-36.3167,145.05,Kyabram Motor Inn
510,Trinidad,BO,60.78,broken clouds,-14.8333,-64.9,Hotel Piesta
511,Tual,ID,84.49,broken clouds,-5.6667,132.75,Grand Vilia Hotel
512,Banjar,ID,80.04,overcast clouds,-8.19,114.9675,The Hamsa Resort
513,Swift Current,CA,45.41,clear sky,50.2834,-107.8014,"Motel 6 Swift Current, SK"
514,Tahoua,NE,94.98,clear sky,14.8888,5.2692,Bungalows Guesthouse
515,Mingoyo,TZ,86.79,scattered clouds,-10.1,39.6333,CHIMBENDE LODGE
516,Salinas,US,59.56,clear sky,36.6777,-121.6555,Laurel Inn & Conference Center
517,Camana,PE,63.75,overcast clouds,-16.6228,-72.7111,Hostal Morales
518,Xam Nua,LA,83.17,overcast clouds,20.4197,104.0439,Xee Wang Guesthouse
519,Whitehorse,CA,52.57,few clouds,60.7161,-135.0538,The Sternwheeler Hotel & Conference Centre
520,Barinas,VE,77.04,overcast clouds,8.6226,-70.2075,Hotel Mastranto Suite
521,Luanda,AO,78.8,few clouds,-8.8368,13.2343,EPIC SANA Luanda
522,Hervey Bay,AU,64.02,broken clouds,-25.2986,152.8535,Shelly Bay Resort
523,Rovaniemi,FI,54.81,shower rain,66.5,25.7167,Arctic City Hotel
524,Alugan,PH,82.06,broken clouds,12.2188,125.4808,JM Lodge
525,Mnogovershinnyy,RU,50.02,few clouds,53.9353,139.9242,Obshchezhitiye 14
526,Ust-Uda,RU,65.14,overcast clouds,54.1742,103.0304,Gostinitsa Ust'-Uda Shans
528,Palmares Do Sul,BR,55.29,scattered clouds,-30.2578,-50.5097,Hotel Campos Dourados.
529,Winchester,GB,61.68,broken clouds,51.0651,-1.3187,Lainston House
530,Cedar City,US,61.77,clear sky,37.6775,-113.0619,Hampton Inn Cedar City
531,Yamada,JP,53.56,overcast clouds,39.4667,141.95,Iroha-ya Inn
532,Killybegs,IE,58.71,clear sky,54.6333,-8.45,Tara Hotel
535,Saint-Ambroise,CA,48.52,scattered clouds,48.5501,-71.3324,Motel Saint-Ambroise
536,Tiksi,RU,45.77,light rain,71.6872,128.8694,Arktika
537,Tuam,IE,58.93,clear sky,53.5167,-8.85,Ard Rí House Hotel
538,Rawson,AR,46.58,broken clouds,-43.3002,-65.1023,Hosteria Sampedro
539,Altay,CN,68.4,overcast clouds,47.8667,88.1167,Jinqiao Hotel
541,East London,ZA,70.74,clear sky,-33.0153,27.9116,Tu Casa
542,Kastamonu,TR,80.62,clear sky,41.5,33.6667,Kasaba Orencik Koyu Muhtarligi
543,Champerico,GT,77.27,overcast clouds,14.3,-91.9167,"Hotel y restaurante ""El Diamante"""
544,Khon Buri,TH,88.54,broken clouds,14.5254,102.2459,Bangchongjai Cottage
545,Waingapu,ID,81.21,broken clouds,-9.6567,120.2641,Pondok Wisata Elim
546,Sayyan,YE,73.04,broken clouds,15.1718,44.3244,ملاطف ابوحورية
547,Dawlatabad,AF,90.09,clear sky,36.4141,64.9053,WASIM ASGAR KHAN
548,Manali,IN,93.29,few clouds,13.1667,80.2667,Sarathy Lodge
549,Kuandian,CN,66.7,overcast clouds,40.7286,124.7847,Hi Inn Dandong Kuandian Ji Xian Garden
550,Enshi,CN,82.38,overcast clouds,30.3,109.4833,Moevenpick Enshi
551,Ust-Kulom,RU,64.98,clear sky,61.6864,53.6902,Ip Napalkov Vasiliy Dmitriyevich
552,Ewo,CG,87.04,scattered clouds,-0.8725,14.8206,Residence Elonda Ewo
553,Bambanglipuro,ID,80.69,scattered clouds,-7.95,110.2833,Puri Brata
554,Kisangani,CD,90.07,scattered clouds,0.5167,25.2,Grand Ramela Hotel
555,Surt,LY,79.77,clear sky,31.2089,16.5887,الهادي ابوشعاله سرت
556,Hambantota,LK,84.45,overcast clouds,6.1241,81.1185,Bungalow 63
559,Mishkino,RU,57.13,overcast clouds,55.3389,63.9175,Ip Klestova
561,Faanui,PF,80.8,clear sky,-16.4833,-151.75,Bora-Bora Pearl Beach Resort & Spa
562,Salihorsk,BY,68.41,overcast clouds,52.7876,27.5415,Apartment on Parkovoy 26
563,Santa Rosa,PH,89.11,light rain,14.3122,121.1114,Erlyn’s Sta Rosa City Home
565,Sistranda,NO,48.16,overcast clouds,63.7256,8.834,Hotell Frøya
566,Isiro,CD,89.96,scattered clouds,2.7739,27.616,Guest House Hewa Bora
567,Carmen,MX,77.76,few clouds,18.6333,-91.8333,Hotel Lossandes
568,Arkhara,RU,58.55,broken clouds,49.4212,130.0842,"Gostinitsa ""Arkhara"""
569,Mingshui,CN,87.85,light rain,36.7167,117.5,Grace Inn Zhangqiu Station Avenue Branch
570,Luwuk,ID,79.05,overcast clouds,-0.9516,122.7875,Hotel Santika Luwuk
572,Mufulira,ZM,71.11,clear sky,-12.5498,28.2407,Kamiria lodge
573,Sept-Iles,CA,51.06,few clouds,50.2001,-66.3821,Comfort Inn
574,Kon Tum,VN,80.33,broken clouds,14.35,108.0,Hoa đà spa- homestay
575,Mogadishu,SO,87.67,broken clouds,2.0371,45.3438,Hotel Juba
576,Hessisch Oldendorf,DE,72.12,overcast clouds,52.1667,9.25,Weser Wasserbetten Hotel Baxmann
577,Mto Wa Mbu,TZ,80.2,broken clouds,-3.35,35.85,Fanaka Safaris Campsite & Lodges
578,Villamontes,BO,48.7,overcast clouds,-21.25,-63.5,Hotel Raldes
580,Qasigiannguit,GL,37.65,scattered clouds,68.8193,-51.1922,Almost HOME
581,Scarborough,GB,53.92,broken clouds,54.2797,-0.4044,The Grand Hotel Scarborough
583,Tautira,PF,79.45,light rain,-17.7333,-149.15,Pension Oaoa
585,Tateyama,JP,70.11,clear sky,34.9833,139.8667,Tateyama Seaside Hotel
586,La Sarre,CA,46.63,light rain,48.8002,-79.1996,Motel Villa Mon Repos
587,Vestmanna,FO,49.12,overcast clouds,62.1564,-7.1664,Vestmanna Camping
588,Vozhega,RU,61.81,overcast clouds,60.4725,40.2213,гостиница Перекресток
589,Abalak,RU,55.78,scattered clouds,58.1286,68.5944,Туристический комплекс Абалак
590,Bintulu,MY,88.21,few clouds,3.1667,113.0333,900 Boutique INN
591,Mozarlandia,BR,66.45,broken clouds,-14.7447,-50.5706,Hotel Santa Mônica
592,Pavlodar,KZ,62.4,clear sky,52.3,76.95,Sary Arka
593,Twentynine Palms,US,75.34,broken clouds,34.1356,-116.0542,"Holiday Inn Express & Suites Twentynine Palms- Joshua Tree, an IHG Hotel"
594,Gouyave,GD,79.57,few clouds,12.1646,-61.7296,Rumboat Retreat
595,Ghanzi,BW,68.0,clear sky,-21.5667,21.7833,Ghanzi Farmhouse
596,Tynda,RU,62.76,light rain,55.1667,124.7167,"Gostinitsa ""Tayezhnaya"""
597,Iwaki,JP,65.01,light rain,37.05,140.8833,Toyoko Inn Iwaki Ekimae
598,Douglas,US,66.38,overcast clouds,41.3,-96.167,Hilton Garden Inn Omaha West
599,Znamenskoye,RU,52.16,overcast clouds,57.1281,73.8282,"Gostinitsa ""Kolos"""
600,Meadow Lake,US,65.91,overcast clouds,34.8014,-106.5436,TumbleWeed RV Park
601,Abaete,BR,63.16,scattered clouds,-19.16,-45.4458,Hotel Millenium
602,Tura,IN,82.13,broken clouds,25.5198,90.2201,Hotel RIKMAN Continental
604,Ifakara,TZ,81.81,clear sky,-8.1333,36.6833,Tanzanian Training Centre for International Health
605,Harper,LR,80.78,light rain,4.375,-7.7169,Screensaver
606,Muros,ES,69.67,broken clouds,42.7762,-9.0603,Apartment Av. Castelao
607,Tuy Hoa,VN,86.36,overcast clouds,13.0833,109.3,CenDeluxe Hotel Tuy Hoa
608,Miranda,CO,64.53,overcast clouds,3.2499,-76.2281,unidiversidad organica la utopia
609,Viedma,AR,45.5,broken clouds,-40.8135,-62.9967,Hotel Cristal
610,Makakilo City,US,73.72,clear sky,21.3469,-158.0858,Marriott's Ko Olina Beach Club
611,Potchefstroom,ZA,63.12,clear sky,-26.7167,27.1,Melrose Place Guestrooms
612,Teguise,ES,70.02,scattered clouds,29.0605,-13.564,B&B La Casona de Nazaret
613,Pergamino,AR,40.17,light rain,-33.89,-60.5736,Hotel Fachinat
614,Natalio,PY,48.07,few clouds,-26.7167,-55.0833,Casa familia Sánchez
615,Moose Factory,CA,48.2,overcast clouds,51.2585,-80.6094,Cree Village Eco Lodge
618,Cacak,RS,83.8,broken clouds,43.8914,20.3497,Aveny
619,Jalingo,NG,86.4,overcast clouds,8.8833,11.3667,Debright Motel
620,Timra,SE,60.48,overcast clouds,62.486999999999995,17.3257,Bergefors park
621,Corralillo,CU,76.93,light rain,22.9819,-80.5856,Hostal De Pedri
622,Lingao,CN,86.77,light rain,19.9103,109.6859,Lingao Ditai Inn
623,Jambi,ID,81.5,overcast clouds,-1.6,103.6167,ASTON Jambi Hotel & Conference Center
624,Oranjestad,AW,80.71,broken clouds,12.524000000000001,-70.027,Divi Village Golf & Beach Resort
625,Sambava,MG,76.42,light rain,-14.2667,50.1667,Melrose
626,Progreso,MX,75.31,broken clouds,21.2833,-89.6667,Playa Linda Hotel
628,Djambala,CG,81.34,light rain,-2.5447,14.7533,Hotel Ravin D'or
630,Samarai,PG,82.17,broken clouds,-10.6167,150.6667,Nuli Sapi
631,Mateus Leme,BR,64.13,overcast clouds,-19.9864,-44.4278,Recanto Das Lagoas
632,Beidao,CN,79.38,broken clouds,34.5686,105.8933,Shell Tianshui Maiji District Erma Road Walking Street Hotel
634,College,US,64.38,broken clouds,64.8569,-147.8028,Pike's Waterfront Lodge
635,Prince Rupert,CA,51.49,light rain,54.3161,-130.3201,Crest Hotel
636,Rocha,UY,44.01,overcast clouds,-34.4833,-54.3333,Hotel Arrarte
637,Lahat,ID,78.87,overcast clouds,-3.8,103.5333,Hotel Grand Zuri Lahat by ZHM
638,Port Keats,AU,80.6,scattered clouds,-14.25,129.55,TDC Village (Hundred Man Camp)
639,El Guamo,CO,73.87,overcast clouds,10.0316,-74.9761,IR1SEC1.Kml
640,Haines Junction,CA,40.95,few clouds,60.7522,-137.5108,Parkside Inn
643,Cancun,MX,75.13,scattered clouds,21.1743,-86.8466,Hotel Tankah Cancun
644,Newport,GB,59.25,overcast clouds,51.5877,-2.9984,ibis budget Newport
645,Vaitape,PF,80.74,clear sky,-16.5167,-151.75,Conrad Bora Bora Nui
646,Betanzos,ES,67.12,broken clouds,43.2804,-8.2147,Hotel Garelos Betanzos
647,Broome,US,53.46,scattered clouds,42.2506,-75.833,Chenango Valley State Park
648,Lishu,CN,61.63,heavy intensity rain,43.3047,124.3278,Su Camp Business Hotel
649,Lapeer,US,48.67,clear sky,43.0514,-83.3188,"Holiday Inn Express Lapeer, an IHG Hotel"
650,Sibolga,ID,82.45,overcast clouds,1.7427,98.7792,Hotel Syariah CN Darussalam
651,Ende,ID,78.87,moderate rain,-8.8432,121.6623,Dwi Putra Hotel - Ende
652,Piacabucu,BR,77.07,broken clouds,-10.4056,-36.4344,Piaçabuçu News
653,Pingliang,CN,79.56,overcast clouds,35.5392,106.6861,North Gate Hostel
654,Leusden,NL,68.97,overcast clouds,52.1325,5.4319,Van der Valk Hotel Amersfoort Leusden
655,Bronnoysund,NO,50.0,light intensity shower rain,65.4625,12.1997,Corner Hotel
656,Pathein,MM,87.98,heavy intensity rain,16.7833,94.7333,Pathein Hotel
657,Camacha,PT,65.62,few clouds,33.0833,-16.3333,Hotel Porto Santo & Spa
658,Bosaso,SO,93.18,few clouds,11.2842,49.1816,Red Sea Hotel
659,Bacungan,PH,86.05,few clouds,9.9106,118.7022,Sumayang Property
660,Havelock,US,73.38,overcast clouds,34.8791,-76.9013,Sherwood Motel
661,Takoradi,GH,82.22,light rain,4.8845,-1.7554,Raybow International Hotel
662,Banda Aceh,ID,85.14,broken clouds,5.5577,95.3222,OYO 884 Rumoh PMI Hotel
663,Raahe,FI,55.49,overcast clouds,64.6833,24.4833,Hotelli Raahen Hovi
665,Los Algarrobos,PA,72.82,broken clouds,8.5,-82.4333,Waterfall Hostel
667,Ilhabela,BR,65.46,overcast clouds,-23.7781,-45.3581,Ilha Flat Hotel
668,Iquique,CL,59.04,broken clouds,-20.2208,-70.1431,Backpacker`s Hostel Iquique
669,Altamont,US,48.04,light rain,42.2068,-121.7372,Microtel Inn & Suites by Wyndham Klamath Falls
670,Lata,PT,66.07,broken clouds,40.1629,-8.3327,Casa Maquia
671,Buala,SB,80.62,overcast clouds,-8.145,159.5921,Maringe Lagoon Lodge
672,Yarada,IN,89.92,mist,17.65,83.2667,Yarada Jungle Beach Resorts
673,Lima,PE,61.9,mist,-12.0432,-77.0282,Hotel Kamana
674,Changde,CN,85.69,light rain,29.0464,111.6783,Kangshida Hotel
675,Aylmer,CA,46.51,clear sky,42.7668,-80.983,Aylmer Trillium Park
676,Darhan,MN,64.02,overcast clouds,49.4867,105.9228,Buudai Hotel
677,Hanmer Springs,NZ,40.77,clear sky,-42.5167,172.8167,The Chalets Motel
678,Fort Nelson,CA,54.99,scattered clouds,58.8053,-122.7002,The Fort Nelson Hotel
679,Jalu,LY,90.86,clear sky,29.0331,21.5482,صاحبة الفخامة
680,La Ronge,CA,34.05,scattered clouds,55.1001,-105.2842,Northland Motor Hotel
681,Port Hedland,AU,71.65,clear sky,-20.3167,118.5667,The Esplanade Hotel
682,Richards Bay,ZA,73.15,clear sky,-28.783,32.0377,BON Hotel Waterfront Richards Bay
683,Domoni,KM,80.56,broken clouds,-12.2569,44.5319,Al Djadid
684,Alihe,CN,62.33,overcast clouds,50.5667,123.7167,Alihe Forestry Hotel
685,Lagoa,PT,63.46,light rain,39.05,-27.9833,Casa Das Faias
686,Tecpan,GT,54.9,broken clouds,14.7623,-90.9947,Villa San Ricardo
687,Turayf,SA,97.05,clear sky,31.6725,38.6637,Turaif
688,Puerto Cabello,VE,76.55,overcast clouds,10.4731,-68.0125,Las Palmeras
690,Doctor Juan Leon Mallorquin,PY,53.33,overcast clouds,-25.4,-55.2667,Hotel Puma S.A.
691,Pallapatti,IN,96.28,overcast clouds,11.6593,78.1342,Hotel Laila palace
